"Question","Correct answer","Explanation"
"What does sequence mean?","The order of instructions","Sequence is the order in which instructions happen."
"Turtle faces right. It moves 40, turns right 90°, then moves 20. Where does it go?","Right, then down","The right turn changes its direction from right to down."
"Which is useful decomposition for a graphics collection?","Triangle badge, hexagon tile and zigzag divider","Each drawing is a smaller job that can be planned and tested separately."
"Which flowchart symbol usually shows Start or End?","Oval","An oval is used for Start and End."
"Which symbol shows an action such as Move forward?","Rectangle","A rectangle shows a process or action."
"Which symbol shows a question with Yes and No paths?","Diamond","A diamond shows a decision."
"What do flowchart arrows show?","Which step to follow next","Arrows connect steps and show the direction to follow."
"How many repeats does range(4) give in this loop?","4","range(4) provides four values: 0, 1, 2 and 3."
"What is i in for i in range(4)?","A counter variable","Python gives i the next counter value on each repeat."
"Why are both forward and right indented for a square?","Both need to repeat","Indented commands belong to the loop body."
"The colon is missing after for i in range(4). What kind of error is this?","Syntax error","Python cannot read that loop heading correctly without its colon."
"A program calls t.forwad(60), a method that does not exist. What happens?","A runtime error when that call is reached","The spelling is valid Python syntax, but that Turtle method does not exist."
"A program runs but draws two triangle sides instead of three. What is the problem?","Logic error","The program runs, but the instructions do not achieve the intended result."
"What is a useful debugging step?","Make one change, run again and compare","A controlled change helps you see what caused the improvement."
"You find an image online with no reuse information. What should you do?","Check permission or ask the teacher","Check permission before using it. A source credit does not itself give permission."
