"Gimkit Spreadsheet Import Template","","","",""
"Question","Correct Answer","Incorrect Answer 1","Incorrect Answer 2","Incorrect Answer 3"
"What does sequence mean?","The order of instructions","A picture file","The speed of a computer","The colour of a line"
"Turtle faces right. It moves 40, turns right 90°, then moves 20. Where does it go?","Right, then down","Up, then right","Left, then up","Only right"
"Which is useful decomposition for a graphics collection?","Triangle badge, hexagon tile and zigzag divider","Buy a laptop, open games, change the desk","Only think about the finished collection","Change the whole school"
"Which flowchart symbol usually shows Start or End?","Oval","Rectangle","Diamond","Arrow"
"Which symbol shows an action such as Move forward?","Rectangle","Diamond","Oval","A photograph"
"Which symbol shows a question with Yes and No paths?","Diamond","Rectangle","Oval","A title"
"What do flowchart arrows show?","Which step to follow next","How fast Python runs","Only the starting point","The file size"
"How many repeats does range(4) give in this loop?","4","3","5","Forever"
"What is i in for i in range(4)?","A counter variable","The number of degrees","The Turtle colour","The End command"
"Why are both forward and right indented for a square?","Both need to repeat","Spaces make drawing faster","Only right will repeat","Indentation is decoration"
"The colon is missing after for i in range(4). What kind of error is this?","Syntax error","Logic error","A source credit","No error"
"A program calls t.forwad(60), a method that does not exist. What happens?","A runtime error when that call is reached","A correct square","It repeats forever","Only the colour changes"
"A program runs but draws two triangle sides instead of three. What is the problem?","Logic error","Always a syntax error","A correct triangle","File storage"
"What is a useful debugging step?","Make one change, run again and compare","Change all numbers randomly","Run once and assume success","Delete the whole project"
"You find an image online with no reuse information. What should you do?","Check permission or ask the teacher","Use it because it is online","Only add your own name","Assume a credit always gives permission"
